,country,ISO3,year,production
0,Afghanistan,AFG,2013,
1,Albania,ALB,2013,
2,Algeria,DZA,2013,
3,American Samoa,ASM,2013,
4,Andorra,AND,2013,
5,Angola,AGO,2013,
6,Antigua and Barbuda,ATG,2013,
7,Argentina,ARG,2013,
8,Armenia,ARM,2013,
9,Aruba,ABW,2013,
10,Australia,AUS,2013,6350.0
11,Austria,AUT,2013,
12,Azerbaijan,AZE,2013,
13,Bahamas,BHS,2013,
14,Bahrain,BHR,2013,
15,Bangladesh,BGD,2013,
16,Barbados,BRB,2013,
17,Belarus,BLR,2013,
18,Belgium,BEL,2013,
19,Belize,BLZ,2013,
20,Benin,BEN,2013,
21,Bermuda,BMU,2013,
22,Bhutan,BTN,2013,
23,Bolivia,BOL,2013,
24,Bosnia and Herzegovina,BIH,2013,
25,Botswana,BWA,2013,
26,Brazil,BRA,2013,192.0
27,British Virgin Islands,VGB,2013,
28,Brunei Darussalam,BRN,2013,
29,Bulgaria,BGR,2013,
30,Burkina Faso,BFA,2013,
31,Burundi,BDI,2013,
32,Cabo Verde,CPV,2013,
33,Cambodia,KHM,2013,
34,Cameroon,CMR,2013,
35,Canada,CAN,2013,9331.0
36,Cayman Islands,CYM,2013,
37,Central African Republic,CAF,2013,
38,Chad,TCD,2013,
39,Chile,CHL,2013,
40,China,CHN,2013,1500.0
41,Colombia,COL,2013,
42,Comoros,COM,2013,
43,Congo Republic,COG,2013,
44,Costa Rica,CRI,2013,
45,Cote d'Ivoire,CIV,2013,
46,Croatia,HRV,2013,
47,Cuba,CUB,2013,
48,Curacao,CUW,2013,
49,Cyprus,CYP,2013,
50,Czechia,CZE,2013,215.0
51,DR Congo,COD,2013,
52,Denmark,DNK,2013,
53,Djibouti,DJI,2013,
54,Dominica,DMA,2013,
55,Dominican Republic,DOM,2013,
56,Ecuador,ECU,2013,
57,Egypt,EGY,2013,
58,El Salvador,SLV,2013,
59,Equatorial Guinea,GNQ,2013,
60,Eritrea,ERI,2013,
61,Estonia,EST,2013,
62,Eswatini,SWZ,2013,
63,Ethiopia,ETH,2013,
64,Faroe Islands,FRO,2013,
65,Fiji,FJI,2013,
66,Finland,FIN,2013,
67,France,FRA,2013,5.0
68,French Polynesia,PYF,2013,
69,Gabon,GAB,2013,
70,Gambia,GMB,2013,
71,Georgia,GEO,2013,
72,Germany,DEU,2013,27.0
73,Ghana,GHA,2013,
74,Gibraltar,GIB,2013,
75,Greece,GRC,2013,
76,Greenland,GRL,2013,
77,Grenada,GRD,2013,
78,Guam,GUM,2013,
79,Guatemala,GTM,2013,
80,Guinea,GIN,2013,
81,Guinea-Bissau,GNB,2013,
82,Guyana,GUY,2013,
83,Haiti,HTI,2013,
84,Honduras,HND,2013,
85,Hong Kong,HKG,2013,
86,Hungary,HUN,2013,
87,Iceland,ISL,2013,
88,India,IND,2013,385.0
89,Indonesia,IDN,2013,
90,Iran,IRN,2013,0.0
91,Iraq,IRQ,2013,
92,Ireland,IRL,2013,
93,Isle of Man,IMN,2013,
94,Israel,ISR,2013,
95,Italy,ITA,2013,
96,Jamaica,JAM,2013,
97,Japan,JPN,2013,
98,Jordan,JOR,2013,
99,Kazakhstan,KAZ,2013,22451.0
100,Kenya,KEN,2013,
101,Kiribati,KIR,2013,
102,Kosovo,XKX,2013,
103,Kuwait,KWT,2013,
104,Kyrgyz Republic,KGZ,2013,
105,Laos,LAO,2013,
106,Latvia,LVA,2013,
107,Lebanon,LBN,2013,
108,Lesotho,LSO,2013,
109,Liberia,LBR,2013,
110,Libya,LBY,2013,
111,Liechtenstein,LIE,2013,
112,Lithuania,LTU,2013,
113,Luxembourg,LUX,2013,
114,Macau,MAC,2013,
115,Madagascar,MDG,2013,
116,Malawi,MWI,2013,1132.0
117,Malaysia,MYS,2013,
118,Maldives,MDV,2013,
119,Mali,MLI,2013,
120,Malta,MLT,2013,
121,Marshall Islands,MHL,2013,
122,Mauritania,MRT,2013,
123,Mauritius,MUS,2013,
124,Mexico,MEX,2013,
125,"Micronesia, Fed. Sts.",FSM,2013,
126,Moldova,MDA,2013,
127,Monaco,MCO,2013,
128,Mongolia,MNG,2013,
129,Montenegro,MNE,2013,
130,Morocco,MAR,2013,
131,Mozambique,MOZ,2013,
132,Myanmar,MMR,2013,
133,Namibia,NAM,2013,4323.0
134,Nauru,NRU,2013,
135,Nepal,NPL,2013,
136,Netherlands,NLD,2013,
137,New Caledonia,NCL,2013,
138,New Zealand,NZL,2013,
139,Nicaragua,NIC,2013,
140,Niger,NER,2013,4518.0
141,Nigeria,NGA,2013,
142,North Korea,PRK,2013,
143,North Macedonia,MKD,2013,
144,Northern Mariana Islands,MNP,2013,
145,Norway,NOR,2013,
146,Oman,OMN,2013,
147,Pakistan,PAK,2013,45.0
148,Palau,PLW,2013,
149,Palestine,PSE,2013,
150,Panama,PAN,2013,
151,Papua New Guinea,PNG,2013,
152,Paraguay,PRY,2013,
153,Peru,PER,2013,
154,Philippines,PHL,2013,
155,Poland,POL,2013,
156,Portugal,PRT,2013,
157,Puerto Rico,PRI,2013,
158,Qatar,QAT,2013,
159,Romania,ROU,2013,77.0
160,Russia,RUS,2013,3135.0
161,Rwanda,RWA,2013,
162,Saint-Martin,MAF,2013,
163,Samoa,WSM,2013,
164,San Marino,SMR,2013,
165,Sao Tome and Principe,STP,2013,
166,Saudi Arabia,SAU,2013,
167,Senegal,SEN,2013,
168,Serbia,SRB,2013,
169,Seychelles,SYC,2013,
170,Sierra Leone,SLE,2013,
171,Singapore,SGP,2013,
172,Sint Maarten,SXM,2013,
173,Slovakia,SVK,2013,
174,Slovenia,SVN,2013,
175,Solomon Islands,SLB,2013,
176,Somalia,SOM,2013,
177,South Africa,ZAF,2013,531.0
178,South Korea,KOR,2013,
179,South Sudan,SSD,2013,
180,Spain,ESP,2013,
181,Sri Lanka,LKA,2013,
182,St. Kitts and Nevis,KNA,2013,
183,St. Lucia,LCA,2013,
184,St. Vincent and the Grenadines,VCT,2013,
185,Sudan,SDN,2013,
186,Suriname,SUR,2013,
187,Sweden,SWE,2013,
188,Switzerland,CHE,2013,
189,Syria,SYR,2013,
190,Tajikistan,TJK,2013,
191,Tanzania,TZA,2013,
192,Thailand,THA,2013,
193,Timor-Leste,TLS,2013,
194,Togo,TGO,2013,
195,Tonga,TON,2013,
196,Trinidad and Tobago,TTO,2013,
197,Tunisia,TUN,2013,
198,Turkmenistan,TKM,2013,
199,Turks and Caicos Islands,TCA,2013,
200,Tuvalu,TUV,2013,
201,Türkiye,TUR,2013,
202,Uganda,UGA,2013,
203,Ukraine,UKR,2013,922.0
204,United Arab Emirates,ARE,2013,
205,United Kingdom,GBR,2013,
206,United States,USA,2013,1792.0
207,United States Virgin Islands,VIR,2013,
208,Uruguay,URY,2013,
209,Uzbekistan,UZB,2013,2400.0
210,Vanuatu,VUT,2013,
211,Venezuela,VEN,2013,
212,Vietnam,VNM,2013,
213,Yemen,YEM,2013,
214,Zambia,ZMB,2013,
215,Zimbabwe,ZWE,2013,
216,Afghanistan,AFG,2014,
217,Albania,ALB,2014,
218,Algeria,DZA,2014,
219,American Samoa,ASM,2014,
220,Andorra,AND,2014,
221,Angola,AGO,2014,
222,Antigua and Barbuda,ATG,2014,
223,Argentina,ARG,2014,
224,Armenia,ARM,2014,
225,Aruba,ABW,2014,
226,Australia,AUS,2014,5001.0
227,Austria,AUT,2014,
228,Azerbaijan,AZE,2014,
229,Bahamas,BHS,2014,
230,Bahrain,BHR,2014,
231,Bangladesh,BGD,2014,
232,Barbados,BRB,2014,
233,Belarus,BLR,2014,
234,Belgium,BEL,2014,
235,Belize,BLZ,2014,
236,Benin,BEN,2014,
237,Bermuda,BMU,2014,
238,Bhutan,BTN,2014,
239,Bolivia,BOL,2014,
240,Bosnia and Herzegovina,BIH,2014,
241,Botswana,BWA,2014,
242,Brazil,BRA,2014,55.0
243,British Virgin Islands,VGB,2014,
244,Brunei Darussalam,BRN,2014,
245,Bulgaria,BGR,2014,
246,Burkina Faso,BFA,2014,
247,Burundi,BDI,2014,
248,Cabo Verde,CPV,2014,
249,Cambodia,KHM,2014,
250,Cameroon,CMR,2014,
251,Canada,CAN,2014,9124.0
252,Cayman Islands,CYM,2014,
253,Central African Republic,CAF,2014,
254,Chad,TCD,2014,
255,Chile,CHL,2014,
256,China,CHN,2014,1500.0
257,Colombia,COL,2014,
258,Comoros,COM,2014,
259,Congo Republic,COG,2014,
260,Costa Rica,CRI,2014,
261,Cote d'Ivoire,CIV,2014,
262,Croatia,HRV,2014,
263,Cuba,CUB,2014,
264,Curacao,CUW,2014,
265,Cyprus,CYP,2014,
266,Czechia,CZE,2014,193.0
267,DR Congo,COD,2014,
268,Denmark,DNK,2014,
269,Djibouti,DJI,2014,
270,Dominica,DMA,2014,
271,Dominican Republic,DOM,2014,
272,Ecuador,ECU,2014,
273,Egypt,EGY,2014,
274,El Salvador,SLV,2014,
275,Equatorial Guinea,GNQ,2014,
276,Eritrea,ERI,2014,
277,Estonia,EST,2014,
278,Eswatini,SWZ,2014,
279,Ethiopia,ETH,2014,
280,Faroe Islands,FRO,2014,
281,Fiji,FJI,2014,
282,Finland,FIN,2014,
283,France,FRA,2014,3.0
284,French Polynesia,PYF,2014,
285,Gabon,GAB,2014,
286,Gambia,GMB,2014,
287,Georgia,GEO,2014,
288,Germany,DEU,2014,33.0
289,Ghana,GHA,2014,
290,Gibraltar,GIB,2014,
291,Greece,GRC,2014,
292,Greenland,GRL,2014,
293,Grenada,GRD,2014,
294,Guam,GUM,2014,
295,Guatemala,GTM,2014,
296,Guinea,GIN,2014,
297,Guinea-Bissau,GNB,2014,
298,Guyana,GUY,2014,
299,Haiti,HTI,2014,
300,Honduras,HND,2014,
301,Hong Kong,HKG,2014,
302,Hungary,HUN,2014,
303,Iceland,ISL,2014,
304,India,IND,2014,285.0
305,Indonesia,IDN,2014,
306,Iran,IRN,2014,0.0
307,Iraq,IRQ,2014,
308,Ireland,IRL,2014,
309,Isle of Man,IMN,2014,
310,Israel,ISR,2014,
311,Italy,ITA,2014,
312,Jamaica,JAM,2014,
313,Japan,JPN,2014,
314,Jordan,JOR,2014,
315,Kazakhstan,KAZ,2014,23127.0
316,Kenya,KEN,2014,
317,Kiribati,KIR,2014,
318,Kosovo,XKX,2014,
319,Kuwait,KWT,2014,
320,Kyrgyz Republic,KGZ,2014,
321,Laos,LAO,2014,
322,Latvia,LVA,2014,
323,Lebanon,LBN,2014,
324,Lesotho,LSO,2014,
325,Liberia,LBR,2014,
326,Libya,LBY,2014,
327,Liechtenstein,LIE,2014,
328,Lithuania,LTU,2014,
329,Luxembourg,LUX,2014,
330,Macau,MAC,2014,
331,Madagascar,MDG,2014,
332,Malawi,MWI,2014,369.0
333,Malaysia,MYS,2014,
334,Maldives,MDV,2014,
335,Mali,MLI,2014,
336,Malta,MLT,2014,
337,Marshall Islands,MHL,2014,
338,Mauritania,MRT,2014,
339,Mauritius,MUS,2014,
340,Mexico,MEX,2014,
341,"Micronesia, Fed. Sts.",FSM,2014,
342,Moldova,MDA,2014,
343,Monaco,MCO,2014,
344,Mongolia,MNG,2014,
345,Montenegro,MNE,2014,
346,Morocco,MAR,2014,
347,Mozambique,MOZ,2014,
348,Myanmar,MMR,2014,
349,Namibia,NAM,2014,3255.0
350,Nauru,NRU,2014,
351,Nepal,NPL,2014,
352,Netherlands,NLD,2014,
353,New Caledonia,NCL,2014,
354,New Zealand,NZL,2014,
355,Nicaragua,NIC,2014,
356,Niger,NER,2014,4057.0
357,Nigeria,NGA,2014,
358,North Korea,PRK,2014,
359,North Macedonia,MKD,2014,
360,Northern Mariana Islands,MNP,2014,
361,Norway,NOR,2014,
362,Oman,OMN,2014,
363,Pakistan,PAK,2014,45.0
364,Palau,PLW,2014,
365,Palestine,PSE,2014,
366,Panama,PAN,2014,
367,Papua New Guinea,PNG,2014,
368,Paraguay,PRY,2014,
369,Peru,PER,2014,
370,Philippines,PHL,2014,
371,Poland,POL,2014,
372,Portugal,PRT,2014,
373,Puerto Rico,PRI,2014,
374,Qatar,QAT,2014,
375,Romania,ROU,2014,77.0
376,Russia,RUS,2014,2990.0
377,Rwanda,RWA,2014,
378,Saint-Martin,MAF,2014,
379,Samoa,WSM,2014,
380,San Marino,SMR,2014,
381,Sao Tome and Principe,STP,2014,
382,Saudi Arabia,SAU,2014,
383,Senegal,SEN,2014,
384,Serbia,SRB,2014,
385,Seychelles,SYC,2014,
386,Sierra Leone,SLE,2014,
387,Singapore,SGP,2014,
388,Sint Maarten,SXM,2014,
389,Slovakia,SVK,2014,
390,Slovenia,SVN,2014,
391,Solomon Islands,SLB,2014,
392,Somalia,SOM,2014,
393,South Africa,ZAF,2014,573.0
394,South Korea,KOR,2014,
395,South Sudan,SSD,2014,
396,Spain,ESP,2014,
397,Sri Lanka,LKA,2014,
398,St. Kitts and Nevis,KNA,2014,
399,St. Lucia,LCA,2014,
400,St. Vincent and the Grenadines,VCT,2014,
401,Sudan,SDN,2014,
402,Suriname,SUR,2014,
403,Sweden,SWE,2014,
404,Switzerland,CHE,2014,
405,Syria,SYR,2014,
406,Tajikistan,TJK,2014,
407,Tanzania,TZA,2014,
408,Thailand,THA,2014,
409,Timor-Leste,TLS,2014,
410,Togo,TGO,2014,
411,Tonga,TON,2014,
412,Trinidad and Tobago,TTO,2014,
413,Tunisia,TUN,2014,
414,Turkmenistan,TKM,2014,
415,Turks and Caicos Islands,TCA,2014,
416,Tuvalu,TUV,2014,
417,Türkiye,TUR,2014,
418,Uganda,UGA,2014,
419,Ukraine,UKR,2014,926.0
420,United Arab Emirates,ARE,2014,
421,United Kingdom,GBR,2014,
422,United States,USA,2014,1919.0
423,United States Virgin Islands,VIR,2014,
424,Uruguay,URY,2014,
425,Uzbekistan,UZB,2014,2400.0
426,Vanuatu,VUT,2014,
427,Venezuela,VEN,2014,
428,Vietnam,VNM,2014,
429,Yemen,YEM,2014,
430,Zambia,ZMB,2014,
431,Zimbabwe,ZWE,2014,
432,Afghanistan,AFG,2015,
433,Albania,ALB,2015,
434,Algeria,DZA,2015,
435,American Samoa,ASM,2015,
436,Andorra,AND,2015,
437,Angola,AGO,2015,
438,Antigua and Barbuda,ATG,2015,
439,Argentina,ARG,2015,
440,Armenia,ARM,2015,
441,Aruba,ABW,2015,
442,Australia,AUS,2015,5654.0
443,Austria,AUT,2015,
444,Azerbaijan,AZE,2015,
445,Bahamas,BHS,2015,
446,Bahrain,BHR,2015,
447,Bangladesh,BGD,2015,
448,Barbados,BRB,2015,
449,Belarus,BLR,2015,
450,Belgium,BEL,2015,
451,Belize,BLZ,2015,
452,Benin,BEN,2015,
453,Bermuda,BMU,2015,
454,Bhutan,BTN,2015,
455,Bolivia,BOL,2015,
456,Bosnia and Herzegovina,BIH,2015,
457,Botswana,BWA,2015,
458,Brazil,BRA,2015,40.0
459,British Virgin Islands,VGB,2015,
460,Brunei Darussalam,BRN,2015,
461,Bulgaria,BGR,2015,
462,Burkina Faso,BFA,2015,
463,Burundi,BDI,2015,
464,Cabo Verde,CPV,2015,
465,Cambodia,KHM,2015,
466,Cameroon,CMR,2015,
467,Canada,CAN,2015,13325.0
468,Cayman Islands,CYM,2015,
469,Central African Republic,CAF,2015,
470,Chad,TCD,2015,
471,Chile,CHL,2015,
472,China,CHN,2015,1616.0
473,Colombia,COL,2015,
474,Comoros,COM,2015,
475,Congo Republic,COG,2015,
476,Costa Rica,CRI,2015,
477,Cote d'Ivoire,CIV,2015,
478,Croatia,HRV,2015,
479,Cuba,CUB,2015,
480,Curacao,CUW,2015,
481,Cyprus,CYP,2015,
482,Czechia,CZE,2015,155.0
483,DR Congo,COD,2015,
484,Denmark,DNK,2015,
485,Djibouti,DJI,2015,
486,Dominica,DMA,2015,
487,Dominican Republic,DOM,2015,
488,Ecuador,ECU,2015,
489,Egypt,EGY,2015,
490,El Salvador,SLV,2015,
491,Equatorial Guinea,GNQ,2015,
492,Eritrea,ERI,2015,
493,Estonia,EST,2015,
494,Eswatini,SWZ,2015,
495,Ethiopia,ETH,2015,
496,Faroe Islands,FRO,2015,
497,Fiji,FJI,2015,
498,Finland,FIN,2015,
499,France,FRA,2015,2.0
500,French Polynesia,PYF,2015,
501,Gabon,GAB,2015,
502,Gambia,GMB,2015,
503,Georgia,GEO,2015,
504,Germany,DEU,2015,0.0
505,Ghana,GHA,2015,
506,Gibraltar,GIB,2015,
507,Greece,GRC,2015,
508,Greenland,GRL,2015,
509,Grenada,GRD,2015,
510,Guam,GUM,2015,
511,Guatemala,GTM,2015,
512,Guinea,GIN,2015,
513,Guinea-Bissau,GNB,2015,
514,Guyana,GUY,2015,
515,Haiti,HTI,2015,
516,Honduras,HND,2015,
517,Hong Kong,HKG,2015,
518,Hungary,HUN,2015,
519,Iceland,ISL,2015,
520,India,IND,2015,385.0
521,Indonesia,IDN,2015,
522,Iran,IRN,2015,38.0
523,Iraq,IRQ,2015,
524,Ireland,IRL,2015,
525,Isle of Man,IMN,2015,
526,Israel,ISR,2015,
527,Italy,ITA,2015,
528,Jamaica,JAM,2015,
529,Japan,JPN,2015,
530,Jordan,JOR,2015,
531,Kazakhstan,KAZ,2015,23607.0
532,Kenya,KEN,2015,
533,Kiribati,KIR,2015,
534,Kosovo,XKX,2015,
535,Kuwait,KWT,2015,
536,Kyrgyz Republic,KGZ,2015,
537,Laos,LAO,2015,
538,Latvia,LVA,2015,
539,Lebanon,LBN,2015,
540,Lesotho,LSO,2015,
541,Liberia,LBR,2015,
542,Libya,LBY,2015,
543,Liechtenstein,LIE,2015,
544,Lithuania,LTU,2015,
545,Luxembourg,LUX,2015,
546,Macau,MAC,2015,
547,Madagascar,MDG,2015,
548,Malawi,MWI,2015,0.0
549,Malaysia,MYS,2015,
550,Maldives,MDV,2015,
551,Mali,MLI,2015,
552,Malta,MLT,2015,
553,Marshall Islands,MHL,2015,
554,Mauritania,MRT,2015,
555,Mauritius,MUS,2015,
556,Mexico,MEX,2015,
557,"Micronesia, Fed. Sts.",FSM,2015,
558,Moldova,MDA,2015,
559,Monaco,MCO,2015,
560,Mongolia,MNG,2015,
561,Montenegro,MNE,2015,
562,Morocco,MAR,2015,
563,Mozambique,MOZ,2015,
564,Myanmar,MMR,2015,
565,Namibia,NAM,2015,2993.0
566,Nauru,NRU,2015,
567,Nepal,NPL,2015,
568,Netherlands,NLD,2015,
569,New Caledonia,NCL,2015,
570,New Zealand,NZL,2015,
571,Nicaragua,NIC,2015,
572,Niger,NER,2015,4116.0
573,Nigeria,NGA,2015,
574,North Korea,PRK,2015,
575,North Macedonia,MKD,2015,
576,Northern Mariana Islands,MNP,2015,
577,Norway,NOR,2015,
578,Oman,OMN,2015,
579,Pakistan,PAK,2015,45.0
580,Palau,PLW,2015,
581,Palestine,PSE,2015,
582,Panama,PAN,2015,
583,Papua New Guinea,PNG,2015,
584,Paraguay,PRY,2015,
585,Peru,PER,2015,
586,Philippines,PHL,2015,
587,Poland,POL,2015,
588,Portugal,PRT,2015,
589,Puerto Rico,PRI,2015,
590,Qatar,QAT,2015,
591,Romania,ROU,2015,77.0
592,Russia,RUS,2015,3055.0
593,Rwanda,RWA,2015,
594,Saint-Martin,MAF,2015,
595,Samoa,WSM,2015,
596,San Marino,SMR,2015,
597,Sao Tome and Principe,STP,2015,
598,Saudi Arabia,SAU,2015,
599,Senegal,SEN,2015,
600,Serbia,SRB,2015,
601,Seychelles,SYC,2015,
602,Sierra Leone,SLE,2015,
603,Singapore,SGP,2015,
604,Sint Maarten,SXM,2015,
605,Slovakia,SVK,2015,
606,Slovenia,SVN,2015,
607,Solomon Islands,SLB,2015,
608,Somalia,SOM,2015,
609,South Africa,ZAF,2015,393.0
610,South Korea,KOR,2015,
611,South Sudan,SSD,2015,
612,Spain,ESP,2015,
613,Sri Lanka,LKA,2015,
614,St. Kitts and Nevis,KNA,2015,
615,St. Lucia,LCA,2015,
616,St. Vincent and the Grenadines,VCT,2015,
617,Sudan,SDN,2015,
618,Suriname,SUR,2015,
619,Sweden,SWE,2015,
620,Switzerland,CHE,2015,
621,Syria,SYR,2015,
622,Tajikistan,TJK,2015,
623,Tanzania,TZA,2015,
624,Thailand,THA,2015,
625,Timor-Leste,TLS,2015,
626,Togo,TGO,2015,
627,Tonga,TON,2015,
628,Trinidad and Tobago,TTO,2015,
629,Tunisia,TUN,2015,
630,Turkmenistan,TKM,2015,
631,Turks and Caicos Islands,TCA,2015,
632,Tuvalu,TUV,2015,
633,Türkiye,TUR,2015,
634,Uganda,UGA,2015,
635,Ukraine,UKR,2015,1200.0
636,United Arab Emirates,ARE,2015,
637,United Kingdom,GBR,2015,
638,United States,USA,2015,1256.0
639,United States Virgin Islands,VIR,2015,
640,Uruguay,URY,2015,
641,Uzbekistan,UZB,2015,2385.0
642,Vanuatu,VUT,2015,
643,Venezuela,VEN,2015,
644,Vietnam,VNM,2015,
645,Yemen,YEM,2015,
646,Zambia,ZMB,2015,
647,Zimbabwe,ZWE,2015,
648,Afghanistan,AFG,2016,
649,Albania,ALB,2016,
650,Algeria,DZA,2016,
651,American Samoa,ASM,2016,
652,Andorra,AND,2016,
653,Angola,AGO,2016,
654,Antigua and Barbuda,ATG,2016,
655,Argentina,ARG,2016,
656,Armenia,ARM,2016,
657,Aruba,ABW,2016,
658,Australia,AUS,2016,6315.0
659,Austria,AUT,2016,
660,Azerbaijan,AZE,2016,
661,Bahamas,BHS,2016,
662,Bahrain,BHR,2016,
663,Bangladesh,BGD,2016,
664,Barbados,BRB,2016,
665,Belarus,BLR,2016,
666,Belgium,BEL,2016,
667,Belize,BLZ,2016,
668,Benin,BEN,2016,
669,Bermuda,BMU,2016,
670,Bhutan,BTN,2016,
671,Bolivia,BOL,2016,
672,Bosnia and Herzegovina,BIH,2016,
673,Botswana,BWA,2016,
674,Brazil,BRA,2016,44.0
675,British Virgin Islands,VGB,2016,
676,Brunei Darussalam,BRN,2016,
677,Bulgaria,BGR,2016,
678,Burkina Faso,BFA,2016,
679,Burundi,BDI,2016,
680,Cabo Verde,CPV,2016,
681,Cambodia,KHM,2016,
682,Cameroon,CMR,2016,
683,Canada,CAN,2016,14039.0
684,Cayman Islands,CYM,2016,
685,Central African Republic,CAF,2016,
686,Chad,TCD,2016,
687,Chile,CHL,2016,
688,China,CHN,2016,1616.0
689,Colombia,COL,2016,
690,Comoros,COM,2016,
691,Congo Republic,COG,2016,
692,Costa Rica,CRI,2016,
693,Cote d'Ivoire,CIV,2016,
694,Croatia,HRV,2016,
695,Cuba,CUB,2016,
696,Curacao,CUW,2016,
697,Cyprus,CYP,2016,
698,Czechia,CZE,2016,138.0
699,DR Congo,COD,2016,
700,Denmark,DNK,2016,
701,Djibouti,DJI,2016,
702,Dominica,DMA,2016,
703,Dominican Republic,DOM,2016,
704,Ecuador,ECU,2016,
705,Egypt,EGY,2016,
706,El Salvador,SLV,2016,
707,Equatorial Guinea,GNQ,2016,
708,Eritrea,ERI,2016,
709,Estonia,EST,2016,
710,Eswatini,SWZ,2016,
711,Ethiopia,ETH,2016,
712,Faroe Islands,FRO,2016,
713,Fiji,FJI,2016,
714,Finland,FIN,2016,
715,France,FRA,2016,0.0
716,French Polynesia,PYF,2016,
717,Gabon,GAB,2016,
718,Gambia,GMB,2016,
719,Georgia,GEO,2016,
720,Germany,DEU,2016,0.0
721,Ghana,GHA,2016,
722,Gibraltar,GIB,2016,
723,Greece,GRC,2016,
724,Greenland,GRL,2016,
725,Grenada,GRD,2016,
726,Guam,GUM,2016,
727,Guatemala,GTM,2016,
728,Guinea,GIN,2016,
729,Guinea-Bissau,GNB,2016,
730,Guyana,GUY,2016,
731,Haiti,HTI,2016,
732,Honduras,HND,2016,
733,Hong Kong,HKG,2016,
734,Hungary,HUN,2016,
735,Iceland,ISL,2016,
736,India,IND,2016,385.0
737,Indonesia,IDN,2016,
738,Iran,IRN,2016,0.0
739,Iraq,IRQ,2016,
740,Ireland,IRL,2016,
741,Isle of Man,IMN,2016,
742,Israel,ISR,2016,
743,Italy,ITA,2016,
744,Jamaica,JAM,2016,
745,Japan,JPN,2016,
746,Jordan,JOR,2016,
747,Kazakhstan,KAZ,2016,24689.0
748,Kenya,KEN,2016,
749,Kiribati,KIR,2016,
750,Kosovo,XKX,2016,
751,Kuwait,KWT,2016,
752,Kyrgyz Republic,KGZ,2016,
753,Laos,LAO,2016,
754,Latvia,LVA,2016,
755,Lebanon,LBN,2016,
756,Lesotho,LSO,2016,
757,Liberia,LBR,2016,
758,Libya,LBY,2016,
759,Liechtenstein,LIE,2016,
760,Lithuania,LTU,2016,
761,Luxembourg,LUX,2016,
762,Macau,MAC,2016,
763,Madagascar,MDG,2016,
764,Malawi,MWI,2016,0.0
765,Malaysia,MYS,2016,
766,Maldives,MDV,2016,
767,Mali,MLI,2016,
768,Malta,MLT,2016,
769,Marshall Islands,MHL,2016,
770,Mauritania,MRT,2016,
771,Mauritius,MUS,2016,
772,Mexico,MEX,2016,
773,"Micronesia, Fed. Sts.",FSM,2016,
774,Moldova,MDA,2016,
775,Monaco,MCO,2016,
776,Mongolia,MNG,2016,
777,Montenegro,MNE,2016,
778,Morocco,MAR,2016,
779,Mozambique,MOZ,2016,
780,Myanmar,MMR,2016,
781,Namibia,NAM,2016,3654.0
782,Nauru,NRU,2016,
783,Nepal,NPL,2016,
784,Netherlands,NLD,2016,
785,New Caledonia,NCL,2016,
786,New Zealand,NZL,2016,
787,Nicaragua,NIC,2016,
788,Niger,NER,2016,3479.0
789,Nigeria,NGA,2016,
790,North Korea,PRK,2016,
791,North Macedonia,MKD,2016,
792,Northern Mariana Islands,MNP,2016,
793,Norway,NOR,2016,
794,Oman,OMN,2016,
795,Pakistan,PAK,2016,45.0
796,Palau,PLW,2016,
797,Palestine,PSE,2016,
798,Panama,PAN,2016,
799,Papua New Guinea,PNG,2016,
800,Paraguay,PRY,2016,
801,Peru,PER,2016,
802,Philippines,PHL,2016,
803,Poland,POL,2016,
804,Portugal,PRT,2016,
805,Puerto Rico,PRI,2016,
806,Qatar,QAT,2016,
807,Romania,ROU,2016,50.0
808,Russia,RUS,2016,3004.0
809,Rwanda,RWA,2016,
810,Saint-Martin,MAF,2016,
811,Samoa,WSM,2016,
812,San Marino,SMR,2016,
813,Sao Tome and Principe,STP,2016,
814,Saudi Arabia,SAU,2016,
815,Senegal,SEN,2016,
816,Serbia,SRB,2016,
817,Seychelles,SYC,2016,
818,Sierra Leone,SLE,2016,
819,Singapore,SGP,2016,
820,Sint Maarten,SXM,2016,
821,Slovakia,SVK,2016,
822,Slovenia,SVN,2016,
823,Solomon Islands,SLB,2016,
824,Somalia,SOM,2016,
825,South Africa,ZAF,2016,490.0
826,South Korea,KOR,2016,
827,South Sudan,SSD,2016,
828,Spain,ESP,2016,
829,Sri Lanka,LKA,2016,
830,St. Kitts and Nevis,KNA,2016,
831,St. Lucia,LCA,2016,
832,St. Vincent and the Grenadines,VCT,2016,
833,Sudan,SDN,2016,
834,Suriname,SUR,2016,
835,Sweden,SWE,2016,
836,Switzerland,CHE,2016,
837,Syria,SYR,2016,
838,Tajikistan,TJK,2016,
839,Tanzania,TZA,2016,
840,Thailand,THA,2016,
841,Timor-Leste,TLS,2016,
842,Togo,TGO,2016,
843,Tonga,TON,2016,
844,Trinidad and Tobago,TTO,2016,
845,Tunisia,TUN,2016,
846,Turkmenistan,TKM,2016,
847,Turks and Caicos Islands,TCA,2016,
848,Tuvalu,TUV,2016,
849,Türkiye,TUR,2016,
850,Uganda,UGA,2016,
851,Ukraine,UKR,2016,808.0
852,United Arab Emirates,ARE,2016,
853,United Kingdom,GBR,2016,
854,United States,USA,2016,1125.0
855,United States Virgin Islands,VIR,2016,
856,Uruguay,URY,2016,
857,Uzbekistan,UZB,2016,3325.0
858,Vanuatu,VUT,2016,
859,Venezuela,VEN,2016,
860,Vietnam,VNM,2016,
861,Yemen,YEM,2016,
862,Zambia,ZMB,2016,
863,Zimbabwe,ZWE,2016,
864,Afghanistan,AFG,2017,
865,Albania,ALB,2017,
866,Algeria,DZA,2017,
867,American Samoa,ASM,2017,
868,Andorra,AND,2017,
869,Angola,AGO,2017,
870,Antigua and Barbuda,ATG,2017,
871,Argentina,ARG,2017,
872,Armenia,ARM,2017,
873,Aruba,ABW,2017,
874,Australia,AUS,2017,5882.0
875,Austria,AUT,2017,
876,Azerbaijan,AZE,2017,
877,Bahamas,BHS,2017,
878,Bahrain,BHR,2017,
879,Bangladesh,BGD,2017,
880,Barbados,BRB,2017,
881,Belarus,BLR,2017,
882,Belgium,BEL,2017,
883,Belize,BLZ,2017,
884,Benin,BEN,2017,
885,Bermuda,BMU,2017,
886,Bhutan,BTN,2017,
887,Bolivia,BOL,2017,
888,Bosnia and Herzegovina,BIH,2017,
889,Botswana,BWA,2017,
890,Brazil,BRA,2017,0.0
891,British Virgin Islands,VGB,2017,
892,Brunei Darussalam,BRN,2017,
893,Bulgaria,BGR,2017,
894,Burkina Faso,BFA,2017,
895,Burundi,BDI,2017,
896,Cabo Verde,CPV,2017,
897,Cambodia,KHM,2017,
898,Cameroon,CMR,2017,
899,Canada,CAN,2017,13116.0
900,Cayman Islands,CYM,2017,
901,Central African Republic,CAF,2017,
902,Chad,TCD,2017,
903,Chile,CHL,2017,
904,China,CHN,2017,1692.0
905,Colombia,COL,2017,
906,Comoros,COM,2017,
907,Congo Republic,COG,2017,
908,Costa Rica,CRI,2017,
909,Cote d'Ivoire,CIV,2017,
910,Croatia,HRV,2017,
911,Cuba,CUB,2017,
912,Curacao,CUW,2017,
913,Cyprus,CYP,2017,
914,Czechia,CZE,2017,0.0
915,DR Congo,COD,2017,
916,Denmark,DNK,2017,
917,Djibouti,DJI,2017,
918,Dominica,DMA,2017,
919,Dominican Republic,DOM,2017,
920,Ecuador,ECU,2017,
921,Egypt,EGY,2017,
922,El Salvador,SLV,2017,
923,Equatorial Guinea,GNQ,2017,
924,Eritrea,ERI,2017,
925,Estonia,EST,2017,
926,Eswatini,SWZ,2017,
927,Ethiopia,ETH,2017,
928,Faroe Islands,FRO,2017,
929,Fiji,FJI,2017,
930,Finland,FIN,2017,
931,France,FRA,2017,0.0
932,French Polynesia,PYF,2017,
933,Gabon,GAB,2017,
934,Gambia,GMB,2017,
935,Georgia,GEO,2017,
936,Germany,DEU,2017,0.0
937,Ghana,GHA,2017,
938,Gibraltar,GIB,2017,
939,Greece,GRC,2017,
940,Greenland,GRL,2017,
941,Grenada,GRD,2017,
942,Guam,GUM,2017,
943,Guatemala,GTM,2017,
944,Guinea,GIN,2017,
945,Guinea-Bissau,GNB,2017,
946,Guyana,GUY,2017,
947,Haiti,HTI,2017,
948,Honduras,HND,2017,
949,Hong Kong,HKG,2017,
950,Hungary,HUN,2017,
951,Iceland,ISL,2017,
952,India,IND,2017,421.0
953,Indonesia,IDN,2017,
954,Iran,IRN,2017,40.0
955,Iraq,IRQ,2017,
956,Ireland,IRL,2017,
957,Isle of Man,IMN,2017,
958,Israel,ISR,2017,
959,Italy,ITA,2017,
960,Jamaica,JAM,2017,
961,Japan,JPN,2017,
962,Jordan,JOR,2017,
963,Kazakhstan,KAZ,2017,23321.0
964,Kenya,KEN,2017,
965,Kiribati,KIR,2017,
966,Kosovo,XKX,2017,
967,Kuwait,KWT,2017,
968,Kyrgyz Republic,KGZ,2017,
969,Laos,LAO,2017,
970,Latvia,LVA,2017,
971,Lebanon,LBN,2017,
972,Lesotho,LSO,2017,
973,Liberia,LBR,2017,
974,Libya,LBY,2017,
975,Liechtenstein,LIE,2017,
976,Lithuania,LTU,2017,
977,Luxembourg,LUX,2017,
978,Macau,MAC,2017,
979,Madagascar,MDG,2017,
980,Malawi,MWI,2017,0.0
981,Malaysia,MYS,2017,
982,Maldives,MDV,2017,
983,Mali,MLI,2017,
984,Malta,MLT,2017,
985,Marshall Islands,MHL,2017,
986,Mauritania,MRT,2017,
987,Mauritius,MUS,2017,
988,Mexico,MEX,2017,
989,"Micronesia, Fed. Sts.",FSM,2017,
990,Moldova,MDA,2017,
991,Monaco,MCO,2017,
992,Mongolia,MNG,2017,
993,Montenegro,MNE,2017,
994,Morocco,MAR,2017,
995,Mozambique,MOZ,2017,
996,Myanmar,MMR,2017,
997,Namibia,NAM,2017,4224.0
998,Nauru,NRU,2017,
999,Nepal,NPL,2017,
1000,Netherlands,NLD,2017,
1001,New Caledonia,NCL,2017,
1002,New Zealand,NZL,2017,
1003,Nicaragua,NIC,2017,
1004,Niger,NER,2017,3449.0
1005,Nigeria,NGA,2017,
1006,North Korea,PRK,2017,
1007,North Macedonia,MKD,2017,
1008,Northern Mariana Islands,MNP,2017,
1009,Norway,NOR,2017,
1010,Oman,OMN,2017,
1011,Pakistan,PAK,2017,45.0
1012,Palau,PLW,2017,
1013,Palestine,PSE,2017,
1014,Panama,PAN,2017,
1015,Papua New Guinea,PNG,2017,
1016,Paraguay,PRY,2017,
1017,Peru,PER,2017,
1018,Philippines,PHL,2017,
1019,Poland,POL,2017,
1020,Portugal,PRT,2017,
1021,Puerto Rico,PRI,2017,
1022,Qatar,QAT,2017,
1023,Romania,ROU,2017,0.0
1024,Russia,RUS,2017,2917.0
1025,Rwanda,RWA,2017,
1026,Saint-Martin,MAF,2017,
1027,Samoa,WSM,2017,
1028,San Marino,SMR,2017,
1029,Sao Tome and Principe,STP,2017,
1030,Saudi Arabia,SAU,2017,
1031,Senegal,SEN,2017,
1032,Serbia,SRB,2017,
1033,Seychelles,SYC,2017,
1034,Sierra Leone,SLE,2017,
1035,Singapore,SGP,2017,
1036,Sint Maarten,SXM,2017,
1037,Slovakia,SVK,2017,
1038,Slovenia,SVN,2017,
1039,Solomon Islands,SLB,2017,
1040,Somalia,SOM,2017,
1041,South Africa,ZAF,2017,308.0
1042,South Korea,KOR,2017,
1043,South Sudan,SSD,2017,
1044,Spain,ESP,2017,
1045,Sri Lanka,LKA,2017,
1046,St. Kitts and Nevis,KNA,2017,
1047,St. Lucia,LCA,2017,
1048,St. Vincent and the Grenadines,VCT,2017,
1049,Sudan,SDN,2017,
1050,Suriname,SUR,2017,
1051,Sweden,SWE,2017,
1052,Switzerland,CHE,2017,
1053,Syria,SYR,2017,
1054,Tajikistan,TJK,2017,
1055,Tanzania,TZA,2017,
1056,Thailand,THA,2017,
1057,Timor-Leste,TLS,2017,
1058,Togo,TGO,2017,
1059,Tonga,TON,2017,
1060,Trinidad and Tobago,TTO,2017,
1061,Tunisia,TUN,2017,
1062,Turkmenistan,TKM,2017,
1063,Turks and Caicos Islands,TCA,2017,
1064,Tuvalu,TUV,2017,
1065,Türkiye,TUR,2017,
1066,Uganda,UGA,2017,
1067,Ukraine,UKR,2017,707.0
1068,United Arab Emirates,ARE,2017,
1069,United Kingdom,GBR,2017,
1070,United States,USA,2017,940.0
1071,United States Virgin Islands,VIR,2017,
1072,Uruguay,URY,2017,
1073,Uzbekistan,UZB,2017,3400.0
1074,Vanuatu,VUT,2017,
1075,Venezuela,VEN,2017,
1076,Vietnam,VNM,2017,
1077,Yemen,YEM,2017,
1078,Zambia,ZMB,2017,
1079,Zimbabwe,ZWE,2017,
1080,Afghanistan,AFG,2018,
1081,Albania,ALB,2018,
1082,Algeria,DZA,2018,
1083,American Samoa,ASM,2018,
1084,Andorra,AND,2018,
1085,Angola,AGO,2018,
1086,Antigua and Barbuda,ATG,2018,
1087,Argentina,ARG,2018,
1088,Armenia,ARM,2018,
1089,Aruba,ABW,2018,
1090,Australia,AUS,2018,6517.0
1091,Austria,AUT,2018,
1092,Azerbaijan,AZE,2018,
1093,Bahamas,BHS,2018,
1094,Bahrain,BHR,2018,
1095,Bangladesh,BGD,2018,
1096,Barbados,BRB,2018,
1097,Belarus,BLR,2018,
1098,Belgium,BEL,2018,
1099,Belize,BLZ,2018,
1100,Benin,BEN,2018,
1101,Bermuda,BMU,2018,
1102,Bhutan,BTN,2018,
1103,Bolivia,BOL,2018,
1104,Bosnia and Herzegovina,BIH,2018,
1105,Botswana,BWA,2018,
1106,Brazil,BRA,2018,0.0
1107,British Virgin Islands,VGB,2018,
1108,Brunei Darussalam,BRN,2018,
1109,Bulgaria,BGR,2018,
1110,Burkina Faso,BFA,2018,
1111,Burundi,BDI,2018,
1112,Cabo Verde,CPV,2018,
1113,Cambodia,KHM,2018,
1114,Cameroon,CMR,2018,
1115,Canada,CAN,2018,7001.0
1116,Cayman Islands,CYM,2018,
1117,Central African Republic,CAF,2018,
1118,Chad,TCD,2018,
1119,Chile,CHL,2018,
1120,China,CHN,2018,1885.0
1121,Colombia,COL,2018,
1122,Comoros,COM,2018,
1123,Congo Republic,COG,2018,
1124,Costa Rica,CRI,2018,
1125,Cote d'Ivoire,CIV,2018,
1126,Croatia,HRV,2018,
1127,Cuba,CUB,2018,
1128,Curacao,CUW,2018,
1129,Cyprus,CYP,2018,
1130,Czechia,CZE,2018,0.0
1131,DR Congo,COD,2018,
1132,Denmark,DNK,2018,
1133,Djibouti,DJI,2018,
1134,Dominica,DMA,2018,
1135,Dominican Republic,DOM,2018,
1136,Ecuador,ECU,2018,
1137,Egypt,EGY,2018,
1138,El Salvador,SLV,2018,
1139,Equatorial Guinea,GNQ,2018,
1140,Eritrea,ERI,2018,
1141,Estonia,EST,2018,
1142,Eswatini,SWZ,2018,
1143,Ethiopia,ETH,2018,
1144,Faroe Islands,FRO,2018,
1145,Fiji,FJI,2018,
1146,Finland,FIN,2018,
1147,France,FRA,2018,0.0
1148,French Polynesia,PYF,2018,
1149,Gabon,GAB,2018,
1150,Gambia,GMB,2018,
1151,Georgia,GEO,2018,
1152,Germany,DEU,2018,0.0
1153,Ghana,GHA,2018,
1154,Gibraltar,GIB,2018,
1155,Greece,GRC,2018,
1156,Greenland,GRL,2018,
1157,Grenada,GRD,2018,
1158,Guam,GUM,2018,
1159,Guatemala,GTM,2018,
1160,Guinea,GIN,2018,
1161,Guinea-Bissau,GNB,2018,
1162,Guyana,GUY,2018,
1163,Haiti,HTI,2018,
1164,Honduras,HND,2018,
1165,Hong Kong,HKG,2018,
1166,Hungary,HUN,2018,
1167,Iceland,ISL,2018,
1168,India,IND,2018,423.0
1169,Indonesia,IDN,2018,
1170,Iran,IRN,2018,71.0
1171,Iraq,IRQ,2018,
1172,Ireland,IRL,2018,
1173,Isle of Man,IMN,2018,
1174,Israel,ISR,2018,
1175,Italy,ITA,2018,
1176,Jamaica,JAM,2018,
1177,Japan,JPN,2018,
1178,Jordan,JOR,2018,
1179,Kazakhstan,KAZ,2018,21705.0
1180,Kenya,KEN,2018,
1181,Kiribati,KIR,2018,
1182,Kosovo,XKX,2018,
1183,Kuwait,KWT,2018,
1184,Kyrgyz Republic,KGZ,2018,
1185,Laos,LAO,2018,
1186,Latvia,LVA,2018,
1187,Lebanon,LBN,2018,
1188,Lesotho,LSO,2018,
1189,Liberia,LBR,2018,
1190,Libya,LBY,2018,
1191,Liechtenstein,LIE,2018,
1192,Lithuania,LTU,2018,
1193,Luxembourg,LUX,2018,
1194,Macau,MAC,2018,
1195,Madagascar,MDG,2018,
1196,Malawi,MWI,2018,0.0
1197,Malaysia,MYS,2018,
1198,Maldives,MDV,2018,
1199,Mali,MLI,2018,
1200,Malta,MLT,2018,
1201,Marshall Islands,MHL,2018,
1202,Mauritania,MRT,2018,
1203,Mauritius,MUS,2018,
1204,Mexico,MEX,2018,
1205,"Micronesia, Fed. Sts.",FSM,2018,
1206,Moldova,MDA,2018,
1207,Monaco,MCO,2018,
1208,Mongolia,MNG,2018,
1209,Montenegro,MNE,2018,
1210,Morocco,MAR,2018,
1211,Mozambique,MOZ,2018,
1212,Myanmar,MMR,2018,
1213,Namibia,NAM,2018,5525.0
1214,Nauru,NRU,2018,
1215,Nepal,NPL,2018,
1216,Netherlands,NLD,2018,
1217,New Caledonia,NCL,2018,
1218,New Zealand,NZL,2018,
1219,Nicaragua,NIC,2018,
1220,Niger,NER,2018,2911.0
1221,Nigeria,NGA,2018,
1222,North Korea,PRK,2018,
1223,North Macedonia,MKD,2018,
1224,Northern Mariana Islands,MNP,2018,
1225,Norway,NOR,2018,
1226,Oman,OMN,2018,
1227,Pakistan,PAK,2018,45.0
1228,Palau,PLW,2018,
1229,Palestine,PSE,2018,
1230,Panama,PAN,2018,
1231,Papua New Guinea,PNG,2018,
1232,Paraguay,PRY,2018,
1233,Peru,PER,2018,
1234,Philippines,PHL,2018,
1235,Poland,POL,2018,
1236,Portugal,PRT,2018,
1237,Puerto Rico,PRI,2018,
1238,Qatar,QAT,2018,
1239,Romania,ROU,2018,0.0
1240,Russia,RUS,2018,2904.0
1241,Rwanda,RWA,2018,
1242,Saint-Martin,MAF,2018,
1243,Samoa,WSM,2018,
1244,San Marino,SMR,2018,
1245,Sao Tome and Principe,STP,2018,
1246,Saudi Arabia,SAU,2018,
1247,Senegal,SEN,2018,
1248,Serbia,SRB,2018,
1249,Seychelles,SYC,2018,
1250,Sierra Leone,SLE,2018,
1251,Singapore,SGP,2018,
1252,Sint Maarten,SXM,2018,
1253,Slovakia,SVK,2018,
1254,Slovenia,SVN,2018,
1255,Solomon Islands,SLB,2018,
1256,Somalia,SOM,2018,
1257,South Africa,ZAF,2018,346.0
1258,South Korea,KOR,2018,
1259,South Sudan,SSD,2018,
1260,Spain,ESP,2018,
1261,Sri Lanka,LKA,2018,
1262,St. Kitts and Nevis,KNA,2018,
1263,St. Lucia,LCA,2018,
1264,St. Vincent and the Grenadines,VCT,2018,
1265,Sudan,SDN,2018,
1266,Suriname,SUR,2018,
1267,Sweden,SWE,2018,
1268,Switzerland,CHE,2018,
1269,Syria,SYR,2018,
1270,Tajikistan,TJK,2018,
1271,Tanzania,TZA,2018,
1272,Thailand,THA,2018,
1273,Timor-Leste,TLS,2018,
1274,Togo,TGO,2018,
1275,Tonga,TON,2018,
1276,Trinidad and Tobago,TTO,2018,
1277,Tunisia,TUN,2018,
1278,Turkmenistan,TKM,2018,
1279,Turks and Caicos Islands,TCA,2018,
1280,Tuvalu,TUV,2018,
1281,Türkiye,TUR,2018,
1282,Uganda,UGA,2018,
1283,Ukraine,UKR,2018,790.0
1284,United Arab Emirates,ARE,2018,
1285,United Kingdom,GBR,2018,
1286,United States,USA,2018,582.0
1287,United States Virgin Islands,VIR,2018,
1288,Uruguay,URY,2018,
1289,Uzbekistan,UZB,2018,3450.0
1290,Vanuatu,VUT,2018,
1291,Venezuela,VEN,2018,
1292,Vietnam,VNM,2018,
1293,Yemen,YEM,2018,
1294,Zambia,ZMB,2018,
1295,Zimbabwe,ZWE,2018,
1296,Afghanistan,AFG,2019,
1297,Albania,ALB,2019,
1298,Algeria,DZA,2019,
1299,American Samoa,ASM,2019,
1300,Andorra,AND,2019,
1301,Angola,AGO,2019,
1302,Antigua and Barbuda,ATG,2019,
1303,Argentina,ARG,2019,
1304,Armenia,ARM,2019,
1305,Aruba,ABW,2019,
1306,Australia,AUS,2019,6613.0
1307,Austria,AUT,2019,
1308,Azerbaijan,AZE,2019,
1309,Bahamas,BHS,2019,
1310,Bahrain,BHR,2019,
1311,Bangladesh,BGD,2019,
1312,Barbados,BRB,2019,
1313,Belarus,BLR,2019,
1314,Belgium,BEL,2019,
1315,Belize,BLZ,2019,
1316,Benin,BEN,2019,
1317,Bermuda,BMU,2019,
1318,Bhutan,BTN,2019,
1319,Bolivia,BOL,2019,
1320,Bosnia and Herzegovina,BIH,2019,
1321,Botswana,BWA,2019,
1322,Brazil,BRA,2019,0.0
1323,British Virgin Islands,VGB,2019,
1324,Brunei Darussalam,BRN,2019,
1325,Bulgaria,BGR,2019,
1326,Burkina Faso,BFA,2019,
1327,Burundi,BDI,2019,
1328,Cabo Verde,CPV,2019,
1329,Cambodia,KHM,2019,
1330,Cameroon,CMR,2019,
1331,Canada,CAN,2019,6938.0
1332,Cayman Islands,CYM,2019,
1333,Central African Republic,CAF,2019,
1334,Chad,TCD,2019,
1335,Chile,CHL,2019,
1336,China,CHN,2019,1885.0
1337,Colombia,COL,2019,
1338,Comoros,COM,2019,
1339,Congo Republic,COG,2019,
1340,Costa Rica,CRI,2019,
1341,Cote d'Ivoire,CIV,2019,
1342,Croatia,HRV,2019,
1343,Cuba,CUB,2019,
1344,Curacao,CUW,2019,
1345,Cyprus,CYP,2019,
1346,Czechia,CZE,2019,0.0
1347,DR Congo,COD,2019,
1348,Denmark,DNK,2019,
1349,Djibouti,DJI,2019,
1350,Dominica,DMA,2019,
1351,Dominican Republic,DOM,2019,
1352,Ecuador,ECU,2019,
1353,Egypt,EGY,2019,
1354,El Salvador,SLV,2019,
1355,Equatorial Guinea,GNQ,2019,
1356,Eritrea,ERI,2019,
1357,Estonia,EST,2019,
1358,Eswatini,SWZ,2019,
1359,Ethiopia,ETH,2019,
1360,Faroe Islands,FRO,2019,
1361,Fiji,FJI,2019,
1362,Finland,FIN,2019,
1363,France,FRA,2019,0.0
1364,French Polynesia,PYF,2019,
1365,Gabon,GAB,2019,
1366,Gambia,GMB,2019,
1367,Georgia,GEO,2019,
1368,Germany,DEU,2019,0.0
1369,Ghana,GHA,2019,
1370,Gibraltar,GIB,2019,
1371,Greece,GRC,2019,
1372,Greenland,GRL,2019,
1373,Grenada,GRD,2019,
1374,Guam,GUM,2019,
1375,Guatemala,GTM,2019,
1376,Guinea,GIN,2019,
1377,Guinea-Bissau,GNB,2019,
1378,Guyana,GUY,2019,
1379,Haiti,HTI,2019,
1380,Honduras,HND,2019,
1381,Hong Kong,HKG,2019,
1382,Hungary,HUN,2019,
1383,Iceland,ISL,2019,
1384,India,IND,2019,308.0
1385,Indonesia,IDN,2019,
1386,Iran,IRN,2019,71.0
1387,Iraq,IRQ,2019,
1388,Ireland,IRL,2019,
1389,Isle of Man,IMN,2019,
1390,Israel,ISR,2019,
1391,Italy,ITA,2019,
1392,Jamaica,JAM,2019,
1393,Japan,JPN,2019,
1394,Jordan,JOR,2019,
1395,Kazakhstan,KAZ,2019,22808.0
1396,Kenya,KEN,2019,
1397,Kiribati,KIR,2019,
1398,Kosovo,XKX,2019,
1399,Kuwait,KWT,2019,
1400,Kyrgyz Republic,KGZ,2019,
1401,Laos,LAO,2019,
1402,Latvia,LVA,2019,
1403,Lebanon,LBN,2019,
1404,Lesotho,LSO,2019,
1405,Liberia,LBR,2019,
1406,Libya,LBY,2019,
1407,Liechtenstein,LIE,2019,
1408,Lithuania,LTU,2019,
1409,Luxembourg,LUX,2019,
1410,Macau,MAC,2019,
1411,Madagascar,MDG,2019,
1412,Malawi,MWI,2019,0.0
1413,Malaysia,MYS,2019,
1414,Maldives,MDV,2019,
1415,Mali,MLI,2019,
1416,Malta,MLT,2019,
1417,Marshall Islands,MHL,2019,
1418,Mauritania,MRT,2019,
1419,Mauritius,MUS,2019,
1420,Mexico,MEX,2019,
1421,"Micronesia, Fed. Sts.",FSM,2019,
1422,Moldova,MDA,2019,
1423,Monaco,MCO,2019,
1424,Mongolia,MNG,2019,
1425,Montenegro,MNE,2019,
1426,Morocco,MAR,2019,
1427,Mozambique,MOZ,2019,
1428,Myanmar,MMR,2019,
1429,Namibia,NAM,2019,5476.0
1430,Nauru,NRU,2019,
1431,Nepal,NPL,2019,
1432,Netherlands,NLD,2019,
1433,New Caledonia,NCL,2019,
1434,New Zealand,NZL,2019,
1435,Nicaragua,NIC,2019,
1436,Niger,NER,2019,2983.0
1437,Nigeria,NGA,2019,
1438,North Korea,PRK,2019,
1439,North Macedonia,MKD,2019,
1440,Northern Mariana Islands,MNP,2019,
1441,Norway,NOR,2019,
1442,Oman,OMN,2019,
1443,Pakistan,PAK,2019,45.0
1444,Palau,PLW,2019,
1445,Palestine,PSE,2019,
1446,Panama,PAN,2019,
1447,Papua New Guinea,PNG,2019,
1448,Paraguay,PRY,2019,
1449,Peru,PER,2019,
1450,Philippines,PHL,2019,
1451,Poland,POL,2019,
1452,Portugal,PRT,2019,
1453,Puerto Rico,PRI,2019,
1454,Qatar,QAT,2019,
1455,Romania,ROU,2019,0.0
1456,Russia,RUS,2019,2911.0
1457,Rwanda,RWA,2019,
1458,Saint-Martin,MAF,2019,
1459,Samoa,WSM,2019,
1460,San Marino,SMR,2019,
1461,Sao Tome and Principe,STP,2019,
1462,Saudi Arabia,SAU,2019,
1463,Senegal,SEN,2019,
1464,Serbia,SRB,2019,
1465,Seychelles,SYC,2019,
1466,Sierra Leone,SLE,2019,
1467,Singapore,SGP,2019,
1468,Sint Maarten,SXM,2019,
1469,Slovakia,SVK,2019,
1470,Slovenia,SVN,2019,
1471,Solomon Islands,SLB,2019,
1472,Somalia,SOM,2019,
1473,South Africa,ZAF,2019,346.0
1474,South Korea,KOR,2019,
1475,South Sudan,SSD,2019,
1476,Spain,ESP,2019,
1477,Sri Lanka,LKA,2019,
1478,St. Kitts and Nevis,KNA,2019,
1479,St. Lucia,LCA,2019,
1480,St. Vincent and the Grenadines,VCT,2019,
1481,Sudan,SDN,2019,
1482,Suriname,SUR,2019,
1483,Sweden,SWE,2019,
1484,Switzerland,CHE,2019,
1485,Syria,SYR,2019,
1486,Tajikistan,TJK,2019,
1487,Tanzania,TZA,2019,
1488,Thailand,THA,2019,
1489,Timor-Leste,TLS,2019,
1490,Togo,TGO,2019,
1491,Tonga,TON,2019,
1492,Trinidad and Tobago,TTO,2019,
1493,Tunisia,TUN,2019,
1494,Turkmenistan,TKM,2019,
1495,Turks and Caicos Islands,TCA,2019,
1496,Tuvalu,TUV,2019,
1497,Türkiye,TUR,2019,
1498,Uganda,UGA,2019,
1499,Ukraine,UKR,2019,800.0
1500,United Arab Emirates,ARE,2019,
1501,United Kingdom,GBR,2019,
1502,United States,USA,2019,58.0
1503,United States Virgin Islands,VIR,2019,
1504,Uruguay,URY,2019,
1505,Uzbekistan,UZB,2019,3500.0
1506,Vanuatu,VUT,2019,
1507,Venezuela,VEN,2019,
1508,Vietnam,VNM,2019,
1509,Yemen,YEM,2019,
1510,Zambia,ZMB,2019,
1511,Zimbabwe,ZWE,2019,
1512,Afghanistan,AFG,2020,
1513,Albania,ALB,2020,
1514,Algeria,DZA,2020,
1515,American Samoa,ASM,2020,
1516,Andorra,AND,2020,
1517,Angola,AGO,2020,
1518,Antigua and Barbuda,ATG,2020,
1519,Argentina,ARG,2020,
1520,Armenia,ARM,2020,
1521,Aruba,ABW,2020,
1522,Australia,AUS,2020,6203.0
1523,Austria,AUT,2020,
1524,Azerbaijan,AZE,2020,
1525,Bahamas,BHS,2020,
1526,Bahrain,BHR,2020,
1527,Bangladesh,BGD,2020,
1528,Barbados,BRB,2020,
1529,Belarus,BLR,2020,
1530,Belgium,BEL,2020,
1531,Belize,BLZ,2020,
1532,Benin,BEN,2020,
1533,Bermuda,BMU,2020,
1534,Bhutan,BTN,2020,
1535,Bolivia,BOL,2020,
1536,Bosnia and Herzegovina,BIH,2020,
1537,Botswana,BWA,2020,
1538,Brazil,BRA,2020,15.0
1539,British Virgin Islands,VGB,2020,
1540,Brunei Darussalam,BRN,2020,
1541,Bulgaria,BGR,2020,
1542,Burkina Faso,BFA,2020,
1543,Burundi,BDI,2020,
1544,Cabo Verde,CPV,2020,
1545,Cambodia,KHM,2020,
1546,Cameroon,CMR,2020,
1547,Canada,CAN,2020,3885.0
1548,Cayman Islands,CYM,2020,
1549,Central African Republic,CAF,2020,
1550,Chad,TCD,2020,
1551,Chile,CHL,2020,
1552,China,CHN,2020,1885.0
1553,Colombia,COL,2020,
1554,Comoros,COM,2020,
1555,Congo Republic,COG,2020,
1556,Costa Rica,CRI,2020,
1557,Cote d'Ivoire,CIV,2020,
1558,Croatia,HRV,2020,
1559,Cuba,CUB,2020,
1560,Curacao,CUW,2020,
1561,Cyprus,CYP,2020,
1562,Czechia,CZE,2020,0.0
1563,DR Congo,COD,2020,
1564,Denmark,DNK,2020,
1565,Djibouti,DJI,2020,
1566,Dominica,DMA,2020,
1567,Dominican Republic,DOM,2020,
1568,Ecuador,ECU,2020,
1569,Egypt,EGY,2020,
1570,El Salvador,SLV,2020,
1571,Equatorial Guinea,GNQ,2020,
1572,Eritrea,ERI,2020,
1573,Estonia,EST,2020,
1574,Eswatini,SWZ,2020,
1575,Ethiopia,ETH,2020,
1576,Faroe Islands,FRO,2020,
1577,Fiji,FJI,2020,
1578,Finland,FIN,2020,
1579,France,FRA,2020,0.0
1580,French Polynesia,PYF,2020,
1581,Gabon,GAB,2020,
1582,Gambia,GMB,2020,
1583,Georgia,GEO,2020,
1584,Germany,DEU,2020,0.0
1585,Ghana,GHA,2020,
1586,Gibraltar,GIB,2020,
1587,Greece,GRC,2020,
1588,Greenland,GRL,2020,
1589,Grenada,GRD,2020,
1590,Guam,GUM,2020,
1591,Guatemala,GTM,2020,
1592,Guinea,GIN,2020,
1593,Guinea-Bissau,GNB,2020,
1594,Guyana,GUY,2020,
1595,Haiti,HTI,2020,
1596,Honduras,HND,2020,
1597,Hong Kong,HKG,2020,
1598,Hungary,HUN,2020,
1599,Iceland,ISL,2020,
1600,India,IND,2020,400.0
1601,Indonesia,IDN,2020,
1602,Iran,IRN,2020,71.0
1603,Iraq,IRQ,2020,
1604,Ireland,IRL,2020,
1605,Isle of Man,IMN,2020,
1606,Israel,ISR,2020,
1607,Italy,ITA,2020,
1608,Jamaica,JAM,2020,
1609,Japan,JPN,2020,
1610,Jordan,JOR,2020,
1611,Kazakhstan,KAZ,2020,19477.0
1612,Kenya,KEN,2020,
1613,Kiribati,KIR,2020,
1614,Kosovo,XKX,2020,
1615,Kuwait,KWT,2020,
1616,Kyrgyz Republic,KGZ,2020,
1617,Laos,LAO,2020,
1618,Latvia,LVA,2020,
1619,Lebanon,LBN,2020,
1620,Lesotho,LSO,2020,
1621,Liberia,LBR,2020,
1622,Libya,LBY,2020,
1623,Liechtenstein,LIE,2020,
1624,Lithuania,LTU,2020,
1625,Luxembourg,LUX,2020,
1626,Macau,MAC,2020,
1627,Madagascar,MDG,2020,
1628,Malawi,MWI,2020,0.0
1629,Malaysia,MYS,2020,
1630,Maldives,MDV,2020,
1631,Mali,MLI,2020,
1632,Malta,MLT,2020,
1633,Marshall Islands,MHL,2020,
1634,Mauritania,MRT,2020,
1635,Mauritius,MUS,2020,
1636,Mexico,MEX,2020,
1637,"Micronesia, Fed. Sts.",FSM,2020,
1638,Moldova,MDA,2020,
1639,Monaco,MCO,2020,
1640,Mongolia,MNG,2020,
1641,Montenegro,MNE,2020,
1642,Morocco,MAR,2020,
1643,Mozambique,MOZ,2020,
1644,Myanmar,MMR,2020,
1645,Namibia,NAM,2020,5413.0
1646,Nauru,NRU,2020,
1647,Nepal,NPL,2020,
1648,Netherlands,NLD,2020,
1649,New Caledonia,NCL,2020,
1650,New Zealand,NZL,2020,
1651,Nicaragua,NIC,2020,
1652,Niger,NER,2020,2991.0
1653,Nigeria,NGA,2020,
1654,North Korea,PRK,2020,
1655,North Macedonia,MKD,2020,
1656,Northern Mariana Islands,MNP,2020,
1657,Norway,NOR,2020,
1658,Oman,OMN,2020,
1659,Pakistan,PAK,2020,45.0
1660,Palau,PLW,2020,
1661,Palestine,PSE,2020,
1662,Panama,PAN,2020,
1663,Papua New Guinea,PNG,2020,
1664,Paraguay,PRY,2020,
1665,Peru,PER,2020,
1666,Philippines,PHL,2020,
1667,Poland,POL,2020,
1668,Portugal,PRT,2020,
1669,Puerto Rico,PRI,2020,
1670,Qatar,QAT,2020,
1671,Romania,ROU,2020,0.0
1672,Russia,RUS,2020,2846.0
1673,Rwanda,RWA,2020,
1674,Saint-Martin,MAF,2020,
1675,Samoa,WSM,2020,
1676,San Marino,SMR,2020,
1677,Sao Tome and Principe,STP,2020,
1678,Saudi Arabia,SAU,2020,
1679,Senegal,SEN,2020,
1680,Serbia,SRB,2020,
1681,Seychelles,SYC,2020,
1682,Sierra Leone,SLE,2020,
1683,Singapore,SGP,2020,
1684,Sint Maarten,SXM,2020,
1685,Slovakia,SVK,2020,
1686,Slovenia,SVN,2020,
1687,Solomon Islands,SLB,2020,
1688,Somalia,SOM,2020,
1689,South Africa,ZAF,2020,250.0
1690,South Korea,KOR,2020,
1691,South Sudan,SSD,2020,
1692,Spain,ESP,2020,
1693,Sri Lanka,LKA,2020,
1694,St. Kitts and Nevis,KNA,2020,
1695,St. Lucia,LCA,2020,
1696,St. Vincent and the Grenadines,VCT,2020,
1697,Sudan,SDN,2020,
1698,Suriname,SUR,2020,
1699,Sweden,SWE,2020,
1700,Switzerland,CHE,2020,
1701,Syria,SYR,2020,
1702,Tajikistan,TJK,2020,
1703,Tanzania,TZA,2020,
1704,Thailand,THA,2020,
1705,Timor-Leste,TLS,2020,
1706,Togo,TGO,2020,
1707,Tonga,TON,2020,
1708,Trinidad and Tobago,TTO,2020,
1709,Tunisia,TUN,2020,
1710,Turkmenistan,TKM,2020,
1711,Turks and Caicos Islands,TCA,2020,
1712,Tuvalu,TUV,2020,
1713,Türkiye,TUR,2020,
1714,Uganda,UGA,2020,
1715,Ukraine,UKR,2020,744.0
1716,United Arab Emirates,ARE,2020,
1717,United Kingdom,GBR,2020,
1718,United States,USA,2020,6.0
1719,United States Virgin Islands,VIR,2020,
1720,Uruguay,URY,2020,
1721,Uzbekistan,UZB,2020,3500.0
1722,Vanuatu,VUT,2020,
1723,Venezuela,VEN,2020,
1724,Vietnam,VNM,2020,
1725,Yemen,YEM,2020,
1726,Zambia,ZMB,2020,
1727,Zimbabwe,ZWE,2020,
1728,Afghanistan,AFG,2021,
1729,Albania,ALB,2021,
1730,Algeria,DZA,2021,
1731,American Samoa,ASM,2021,
1732,Andorra,AND,2021,
1733,Angola,AGO,2021,
1734,Antigua and Barbuda,ATG,2021,
1735,Argentina,ARG,2021,
1736,Armenia,ARM,2021,
1737,Aruba,ABW,2021,
1738,Australia,AUS,2021,4192.0
1739,Austria,AUT,2021,
1740,Azerbaijan,AZE,2021,
1741,Bahamas,BHS,2021,
1742,Bahrain,BHR,2021,
1743,Bangladesh,BGD,2021,
1744,Barbados,BRB,2021,
1745,Belarus,BLR,2021,
1746,Belgium,BEL,2021,
1747,Belize,BLZ,2021,
1748,Benin,BEN,2021,
1749,Bermuda,BMU,2021,
1750,Bhutan,BTN,2021,
1751,Bolivia,BOL,2021,
1752,Bosnia and Herzegovina,BIH,2021,
1753,Botswana,BWA,2021,
1754,Brazil,BRA,2021,29.0
1755,British Virgin Islands,VGB,2021,
1756,Brunei Darussalam,BRN,2021,
1757,Bulgaria,BGR,2021,
1758,Burkina Faso,BFA,2021,
1759,Burundi,BDI,2021,
1760,Cabo Verde,CPV,2021,
1761,Cambodia,KHM,2021,
1762,Cameroon,CMR,2021,
1763,Canada,CAN,2021,4693.0
1764,Cayman Islands,CYM,2021,
1765,Central African Republic,CAF,2021,
1766,Chad,TCD,2021,
1767,Chile,CHL,2021,
1768,China,CHN,2021,1600.0
1769,Colombia,COL,2021,
1770,Comoros,COM,2021,
1771,Congo Republic,COG,2021,
1772,Costa Rica,CRI,2021,
1773,Cote d'Ivoire,CIV,2021,
1774,Croatia,HRV,2021,
1775,Cuba,CUB,2021,
1776,Curacao,CUW,2021,
1777,Cyprus,CYP,2021,
1778,Czechia,CZE,2021,0.0
1779,DR Congo,COD,2021,
1780,Denmark,DNK,2021,
1781,Djibouti,DJI,2021,
1782,Dominica,DMA,2021,
1783,Dominican Republic,DOM,2021,
1784,Ecuador,ECU,2021,
1785,Egypt,EGY,2021,
1786,El Salvador,SLV,2021,
1787,Equatorial Guinea,GNQ,2021,
1788,Eritrea,ERI,2021,
1789,Estonia,EST,2021,
1790,Eswatini,SWZ,2021,
1791,Ethiopia,ETH,2021,
1792,Faroe Islands,FRO,2021,
1793,Fiji,FJI,2021,
1794,Finland,FIN,2021,
1795,France,FRA,2021,0.0
1796,French Polynesia,PYF,2021,
1797,Gabon,GAB,2021,
1798,Gambia,GMB,2021,
1799,Georgia,GEO,2021,
1800,Germany,DEU,2021,0.0
1801,Ghana,GHA,2021,
1802,Gibraltar,GIB,2021,
1803,Greece,GRC,2021,
1804,Greenland,GRL,2021,
1805,Grenada,GRD,2021,
1806,Guam,GUM,2021,
1807,Guatemala,GTM,2021,
1808,Guinea,GIN,2021,
1809,Guinea-Bissau,GNB,2021,
1810,Guyana,GUY,2021,
1811,Haiti,HTI,2021,
1812,Honduras,HND,2021,
1813,Hong Kong,HKG,2021,
1814,Hungary,HUN,2021,
1815,Iceland,ISL,2021,
1816,India,IND,2021,600.0
1817,Indonesia,IDN,2021,
1818,Iran,IRN,2021,21.0
1819,Iraq,IRQ,2021,
1820,Ireland,IRL,2021,
1821,Isle of Man,IMN,2021,
1822,Israel,ISR,2021,
1823,Italy,ITA,2021,
1824,Jamaica,JAM,2021,
1825,Japan,JPN,2021,
1826,Jordan,JOR,2021,
1827,Kazakhstan,KAZ,2021,21819.0
1828,Kenya,KEN,2021,
1829,Kiribati,KIR,2021,
1830,Kosovo,XKX,2021,
1831,Kuwait,KWT,2021,
1832,Kyrgyz Republic,KGZ,2021,
1833,Laos,LAO,2021,
1834,Latvia,LVA,2021,
1835,Lebanon,LBN,2021,
1836,Lesotho,LSO,2021,
1837,Liberia,LBR,2021,
1838,Libya,LBY,2021,
1839,Liechtenstein,LIE,2021,
1840,Lithuania,LTU,2021,
1841,Luxembourg,LUX,2021,
1842,Macau,MAC,2021,
1843,Madagascar,MDG,2021,
1844,Malawi,MWI,2021,0.0
1845,Malaysia,MYS,2021,
1846,Maldives,MDV,2021,
1847,Mali,MLI,2021,
1848,Malta,MLT,2021,
1849,Marshall Islands,MHL,2021,
1850,Mauritania,MRT,2021,
1851,Mauritius,MUS,2021,
1852,Mexico,MEX,2021,
1853,"Micronesia, Fed. Sts.",FSM,2021,
1854,Moldova,MDA,2021,
1855,Monaco,MCO,2021,
1856,Mongolia,MNG,2021,
1857,Montenegro,MNE,2021,
1858,Morocco,MAR,2021,
1859,Mozambique,MOZ,2021,
1860,Myanmar,MMR,2021,
1861,Namibia,NAM,2021,5753.0
1862,Nauru,NRU,2021,
1863,Nepal,NPL,2021,
1864,Netherlands,NLD,2021,
1865,New Caledonia,NCL,2021,
1866,New Zealand,NZL,2021,
1867,Nicaragua,NIC,2021,
1868,Niger,NER,2021,2248.0
1869,Nigeria,NGA,2021,
1870,North Korea,PRK,2021,
1871,North Macedonia,MKD,2021,
1872,Northern Mariana Islands,MNP,2021,
1873,Norway,NOR,2021,
1874,Oman,OMN,2021,
1875,Pakistan,PAK,2021,45.0
1876,Palau,PLW,2021,
1877,Palestine,PSE,2021,
1878,Panama,PAN,2021,
1879,Papua New Guinea,PNG,2021,
1880,Paraguay,PRY,2021,
1881,Peru,PER,2021,
1882,Philippines,PHL,2021,
1883,Poland,POL,2021,
1884,Portugal,PRT,2021,
1885,Puerto Rico,PRI,2021,
1886,Qatar,QAT,2021,
1887,Romania,ROU,2021,0.0
1888,Russia,RUS,2021,2635.0
1889,Rwanda,RWA,2021,
1890,Saint-Martin,MAF,2021,
1891,Samoa,WSM,2021,
1892,San Marino,SMR,2021,
1893,Sao Tome and Principe,STP,2021,
1894,Saudi Arabia,SAU,2021,
1895,Senegal,SEN,2021,
1896,Serbia,SRB,2021,
1897,Seychelles,SYC,2021,
1898,Sierra Leone,SLE,2021,
1899,Singapore,SGP,2021,
1900,Sint Maarten,SXM,2021,
1901,Slovakia,SVK,2021,
1902,Slovenia,SVN,2021,
1903,Solomon Islands,SLB,2021,
1904,Somalia,SOM,2021,
1905,South Africa,ZAF,2021,192.0
1906,South Korea,KOR,2021,
1907,South Sudan,SSD,2021,
1908,Spain,ESP,2021,
1909,Sri Lanka,LKA,2021,
1910,St. Kitts and Nevis,KNA,2021,
1911,St. Lucia,LCA,2021,
1912,St. Vincent and the Grenadines,VCT,2021,
1913,Sudan,SDN,2021,
1914,Suriname,SUR,2021,
1915,Sweden,SWE,2021,
1916,Switzerland,CHE,2021,
1917,Syria,SYR,2021,
1918,Tajikistan,TJK,2021,
1919,Tanzania,TZA,2021,
1920,Thailand,THA,2021,
1921,Timor-Leste,TLS,2021,
1922,Togo,TGO,2021,
1923,Tonga,TON,2021,
1924,Trinidad and Tobago,TTO,2021,
1925,Tunisia,TUN,2021,
1926,Turkmenistan,TKM,2021,
1927,Turks and Caicos Islands,TCA,2021,
1928,Tuvalu,TUV,2021,
1929,Türkiye,TUR,2021,
1930,Uganda,UGA,2021,
1931,Ukraine,UKR,2021,455.0
1932,United Arab Emirates,ARE,2021,
1933,United Kingdom,GBR,2021,
1934,United States,USA,2021,8.0
1935,United States Virgin Islands,VIR,2021,
1936,Uruguay,URY,2021,
1937,Uzbekistan,UZB,2021,3520.0
1938,Vanuatu,VUT,2021,
1939,Venezuela,VEN,2021,
1940,Vietnam,VNM,2021,
1941,Yemen,YEM,2021,
1942,Zambia,ZMB,2021,
1943,Zimbabwe,ZWE,2021,
1944,Afghanistan,AFG,2022,
1945,Albania,ALB,2022,
1946,Algeria,DZA,2022,
1947,American Samoa,ASM,2022,
1948,Andorra,AND,2022,
1949,Angola,AGO,2022,
1950,Antigua and Barbuda,ATG,2022,
1951,Argentina,ARG,2022,
1952,Armenia,ARM,2022,
1953,Aruba,ABW,2022,
1954,Australia,AUS,2022,4553.0
1955,Austria,AUT,2022,
1956,Azerbaijan,AZE,2022,
1957,Bahamas,BHS,2022,
1958,Bahrain,BHR,2022,
1959,Bangladesh,BGD,2022,
1960,Barbados,BRB,2022,
1961,Belarus,BLR,2022,
1962,Belgium,BEL,2022,
1963,Belize,BLZ,2022,
1964,Benin,BEN,2022,
1965,Bermuda,BMU,2022,
1966,Bhutan,BTN,2022,
1967,Bolivia,BOL,2022,
1968,Bosnia and Herzegovina,BIH,2022,
1969,Botswana,BWA,2022,
1970,Brazil,BRA,2022,43.0
1971,British Virgin Islands,VGB,2022,
1972,Brunei Darussalam,BRN,2022,
1973,Bulgaria,BGR,2022,
1974,Burkina Faso,BFA,2022,
1975,Burundi,BDI,2022,
1976,Cabo Verde,CPV,2022,
1977,Cambodia,KHM,2022,
1978,Cameroon,CMR,2022,
1979,Canada,CAN,2022,7351.0
1980,Cayman Islands,CYM,2022,
1981,Central African Republic,CAF,2022,
1982,Chad,TCD,2022,
1983,Chile,CHL,2022,
1984,China,CHN,2022,1700.0
1985,Colombia,COL,2022,
1986,Comoros,COM,2022,
1987,Congo Republic,COG,2022,
1988,Costa Rica,CRI,2022,
1989,Cote d'Ivoire,CIV,2022,
1990,Croatia,HRV,2022,
1991,Cuba,CUB,2022,
1992,Curacao,CUW,2022,
1993,Cyprus,CYP,2022,
1994,Czechia,CZE,2022,0.0
1995,DR Congo,COD,2022,
1996,Denmark,DNK,2022,
1997,Djibouti,DJI,2022,
1998,Dominica,DMA,2022,
1999,Dominican Republic,DOM,2022,
2000,Ecuador,ECU,2022,
2001,Egypt,EGY,2022,
2002,El Salvador,SLV,2022,
2003,Equatorial Guinea,GNQ,2022,
2004,Eritrea,ERI,2022,
2005,Estonia,EST,2022,
2006,Eswatini,SWZ,2022,
2007,Ethiopia,ETH,2022,
2008,Faroe Islands,FRO,2022,
2009,Fiji,FJI,2022,
2010,Finland,FIN,2022,
2011,France,FRA,2022,0.0
2012,French Polynesia,PYF,2022,
2013,Gabon,GAB,2022,
2014,Gambia,GMB,2022,
2015,Georgia,GEO,2022,
2016,Germany,DEU,2022,0.0
2017,Ghana,GHA,2022,
2018,Gibraltar,GIB,2022,
2019,Greece,GRC,2022,
2020,Greenland,GRL,2022,
2021,Grenada,GRD,2022,
2022,Guam,GUM,2022,
2023,Guatemala,GTM,2022,
2024,Guinea,GIN,2022,
2025,Guinea-Bissau,GNB,2022,
2026,Guyana,GUY,2022,
2027,Haiti,HTI,2022,
2028,Honduras,HND,2022,
2029,Hong Kong,HKG,2022,
2030,Hungary,HUN,2022,
2031,Iceland,ISL,2022,
2032,India,IND,2022,600.0
2033,Indonesia,IDN,2022,
2034,Iran,IRN,2022,20.0
2035,Iraq,IRQ,2022,
2036,Ireland,IRL,2022,
2037,Isle of Man,IMN,2022,
2038,Israel,ISR,2022,
2039,Italy,ITA,2022,
2040,Jamaica,JAM,2022,
2041,Japan,JPN,2022,
2042,Jordan,JOR,2022,
2043,Kazakhstan,KAZ,2022,21227.0
2044,Kenya,KEN,2022,
2045,Kiribati,KIR,2022,
2046,Kosovo,XKX,2022,
2047,Kuwait,KWT,2022,
2048,Kyrgyz Republic,KGZ,2022,
2049,Laos,LAO,2022,
2050,Latvia,LVA,2022,
2051,Lebanon,LBN,2022,
2052,Lesotho,LSO,2022,
2053,Liberia,LBR,2022,
2054,Libya,LBY,2022,
2055,Liechtenstein,LIE,2022,
2056,Lithuania,LTU,2022,
2057,Luxembourg,LUX,2022,
2058,Macau,MAC,2022,
2059,Madagascar,MDG,2022,
2060,Malawi,MWI,2022,0.0
2061,Malaysia,MYS,2022,
2062,Maldives,MDV,2022,
2063,Mali,MLI,2022,
2064,Malta,MLT,2022,
2065,Marshall Islands,MHL,2022,
2066,Mauritania,MRT,2022,
2067,Mauritius,MUS,2022,
2068,Mexico,MEX,2022,
2069,"Micronesia, Fed. Sts.",FSM,2022,
2070,Moldova,MDA,2022,
2071,Monaco,MCO,2022,
2072,Mongolia,MNG,2022,
2073,Montenegro,MNE,2022,
2074,Morocco,MAR,2022,
2075,Mozambique,MOZ,2022,
2076,Myanmar,MMR,2022,
2077,Namibia,NAM,2022,5613.0
2078,Nauru,NRU,2022,
2079,Nepal,NPL,2022,
2080,Netherlands,NLD,2022,
2081,New Caledonia,NCL,2022,
2082,New Zealand,NZL,2022,
2083,Nicaragua,NIC,2022,
2084,Niger,NER,2022,2020.0
2085,Nigeria,NGA,2022,
2086,North Korea,PRK,2022,
2087,North Macedonia,MKD,2022,
2088,Northern Mariana Islands,MNP,2022,
2089,Norway,NOR,2022,
2090,Oman,OMN,2022,
2091,Pakistan,PAK,2022,45.0
2092,Palau,PLW,2022,
2093,Palestine,PSE,2022,
2094,Panama,PAN,2022,
2095,Papua New Guinea,PNG,2022,
2096,Paraguay,PRY,2022,
2097,Peru,PER,2022,
2098,Philippines,PHL,2022,
2099,Poland,POL,2022,
2100,Portugal,PRT,2022,
2101,Puerto Rico,PRI,2022,
2102,Qatar,QAT,2022,
2103,Romania,ROU,2022,0.0
2104,Russia,RUS,2022,2508.0
2105,Rwanda,RWA,2022,
2106,Saint-Martin,MAF,2022,
2107,Samoa,WSM,2022,
2108,San Marino,SMR,2022,
2109,Sao Tome and Principe,STP,2022,
2110,Saudi Arabia,SAU,2022,
2111,Senegal,SEN,2022,
2112,Serbia,SRB,2022,
2113,Seychelles,SYC,2022,
2114,Sierra Leone,SLE,2022,
2115,Singapore,SGP,2022,
2116,Sint Maarten,SXM,2022,
2117,Slovakia,SVK,2022,
2118,Slovenia,SVN,2022,
2119,Solomon Islands,SLB,2022,
2120,Somalia,SOM,2022,
2121,South Africa,ZAF,2022,200.0
2122,South Korea,KOR,2022,
2123,South Sudan,SSD,2022,
2124,Spain,ESP,2022,
2125,Sri Lanka,LKA,2022,
2126,St. Kitts and Nevis,KNA,2022,
2127,St. Lucia,LCA,2022,
2128,St. Vincent and the Grenadines,VCT,2022,
2129,Sudan,SDN,2022,
2130,Suriname,SUR,2022,
2131,Sweden,SWE,2022,
2132,Switzerland,CHE,2022,
2133,Syria,SYR,2022,
2134,Tajikistan,TJK,2022,
2135,Tanzania,TZA,2022,
2136,Thailand,THA,2022,
2137,Timor-Leste,TLS,2022,
2138,Togo,TGO,2022,
2139,Tonga,TON,2022,
2140,Trinidad and Tobago,TTO,2022,
2141,Tunisia,TUN,2022,
2142,Turkmenistan,TKM,2022,
2143,Turks and Caicos Islands,TCA,2022,
2144,Tuvalu,TUV,2022,
2145,Türkiye,TUR,2022,
2146,Uganda,UGA,2022,
2147,Ukraine,UKR,2022,100.0
2148,United Arab Emirates,ARE,2022,
2149,United Kingdom,GBR,2022,
2150,United States,USA,2022,75.0
2151,United States Virgin Islands,VIR,2022,
2152,Uruguay,URY,2022,
2153,Uzbekistan,UZB,2022,3300.0
2154,Vanuatu,VUT,2022,
2155,Venezuela,VEN,2022,
2156,Vietnam,VNM,2022,
2157,Yemen,YEM,2022,
2158,Zambia,ZMB,2022,
2159,Zimbabwe,ZWE,2022,
